AccountId,AccountName,Industry,Region,Segment,AccountOwner,CreatedDate
A00001,Account-00001,FinTech,EMEA,Mid-Market,U004,2024-04-02
A00002,Account-00002,HealthTech,LATAM,SMB,U002,2025-05-14
A00003,Account-00003,HealthTech,NA-West,SMB,U004,2025-10-31
A00004,Account-00004,Media,LATAM,Mid-Market,U007,2024-03-27
A00005,Account-00005,Manufacturing,NA-East,SMB,U003,2025-05-15
A00006,Account-00006,E-commerce,NA-West,SMB,U006,2023-07-29
A00007,Account-00007,HealthTech,EMEA,SMB,U006,2024-06-25
A00008,Account-00008,Gaming,LATAM,Mid-Market,U002,2025-02-14
A00009,Account-00009,Manufacturing,LATAM,SMB,U006,2024-01-29
A00010,Account-00010,FinTech,NA-West,Mid-Market,U005,2023-06-13
A00011,Account-00011,HealthTech,APAC,Enterprise,U005,2025-07-17
A00012,Account-00012,Logistics,NA-West,Mid-Market,U006,2024-12-28
A00013,Account-00013,Manufacturing,NA-East,SMB,U010,2023-12-17
A00014,Account-00014,Media,NA-West,SMB,U008,2025-02-16
A00015,Account-00015,Media,EMEA,SMB,U001,2024-04-14
A00016,Account-00016,Logistics,APAC,Mid-Market,U005,2023-05-16
A00017,Account-00017,Logistics,NA-West,SMB,U011,2025-10-19
A00018,Account-00018,Gaming,NA-West,SMB,U005,2023-10-13
A00019,Account-00019,Manufacturing,LATAM,SMB,U007,2025-03-28
A00020,Account-00020,E-commerce,LATAM,SMB,U008,2023-07-06
A00021,Account-00021,HealthTech,NA-West,Mid-Market,U011,2023-11-24
A00022,Account-00022,Education,LATAM,Mid-Market,U002,2025-02-27
A00023,Account-00023,Gaming,LATAM,SMB,U005,2023-01-24
A00024,Account-00024,HealthTech,LATAM,Mid-Market,U005,2024-11-27
A00025,Account-00025,Education,NA-West,SMB,U008,2023-01-07
A00026,Account-00026,Manufacturing,LATAM,Enterprise,U003,2025-11-05
A00027,Account-00027,Manufacturing,LATAM,Enterprise,U010,2024-02-12
A00028,Account-00028,E-commerce,LATAM,SMB,U009,2023-01-02
A00029,Account-00029,Gaming,NA-East,Mid-Market,U002,2025-01-13
A00030,Account-00030,Manufacturing,NA-West,Enterprise,U001,2024-05-08
A00031,Account-00031,HealthTech,NA-East,Enterprise,U012,2025-09-22
A00032,Account-00032,E-commerce,NA-West,Mid-Market,U011,2025-08-31
A00033,Account-00033,E-commerce,EMEA,Enterprise,U009,2025-05-16
A00034,Account-00034,Media,EMEA,Enterprise,U007,2025-02-03
A00035,Account-00035,Gaming,NA-East,SMB,U004,2024-04-05
A00036,Account-00036,FinTech,LATAM,SMB,U009,2024-04-16
A00037,Account-00037,FinTech,NA-East,Mid-Market,U012,2023-05-01
A00038,Account-00038,FinTech,EMEA,SMB,U002,2025-11-18
A00039,Account-00039,Gaming,NA-West,SMB,U009,2023-09-28
A00040,Account-00040,Gaming,NA-West,Mid-Market,U008,2025-04-13
A00041,Account-00041,HealthTech,APAC,SMB,U006,2025-05-17
A00042,Account-00042,FinTech,NA-East,SMB,U001,2025-04-04
A00043,Account-00043,HealthTech,NA-West,Mid-Market,U004,2024-01-25
A00044,Account-00044,E-commerce,APAC,SMB,U003,2024-07-24
A00045,Account-00045,HealthTech,APAC,SMB,U009,2023-07-20
A00046,Account-00046,FinTech,NA-East,SMB,U004,2023-12-07
A00047,Account-00047,Gaming,NA-West,SMB,U007,2023-05-01
A00048,Account-00048,FinTech,APAC,SMB,U005,2025-07-20
A00049,Account-00049,Gaming,NA-West,SMB,U004,2024-08-30
A00050,Account-00050,FinTech,LATAM,SMB,U012,2023-05-05
A00051,Account-00051,FinTech,NA-East,Mid-Market,U010,2025-09-03
A00052,Account-00052,E-commerce,NA-East,SMB,U009,2023-06-14
A00053,Account-00053,HealthTech,LATAM,Enterprise,U002,2024-04-26
A00054,Account-00054,Media,LATAM,SMB,U010,2023-03-23
A00055,Account-00055,Education,LATAM,Mid-Market,U010,2025-12-06
A00056,Account-00056,Manufacturing,NA-West,SMB,U011,2024-10-05
A00057,Account-00057,Education,NA-West,SMB,U011,2024-09-06
A00058,Account-00058,HealthTech,NA-East,SMB,U008,2023-07-24
A00059,Account-00059,Media,LATAM,SMB,U005,2023-09-29
A00060,Account-00060,HealthTech,NA-West,Enterprise,U006,2024-08-06
A00061,Account-00061,Manufacturing,LATAM,SMB,U011,2025-12-19
A00062,Account-00062,Manufacturing,NA-East,SMB,U003,2024-06-25
A00063,Account-00063,HealthTech,LATAM,SMB,U003,2024-07-11
A00064,Account-00064,Media,EMEA,SMB,U004,2024-06-24
A00065,Account-00065,Manufacturing,NA-East,SMB,U002,2025-05-17
A00066,Account-00066,FinTech,NA-East,Mid-Market,U006,2023-09-25
A00067,Account-00067,Manufacturing,NA-West,Mid-Market,U012,2025-06-23
A00068,Account-00068,Education,LATAM,Mid-Market,U001,2023-08-18
A00069,Account-00069,E-commerce,LATAM,SMB,U001,2025-01-26
A00070,Account-00070,E-commerce,APAC,Mid-Market,U003,2023-03-27
A00071,Account-00071,FinTech,EMEA,SMB,U004,2024-05-26
A00072,Account-00072,Logistics,LATAM,Mid-Market,U007,2023-11-13
A00073,Account-00073,Media,NA-West,Enterprise,U003,2025-04-24
A00074,Account-00074,Logistics,APAC,SMB,U011,2024-05-23
A00075,Account-00075,HealthTech,APAC,SMB,U001,2025-08-21
A00076,Account-00076,Gaming,EMEA,SMB,U005,2024-04-11
A00077,Account-00077,Media,APAC,SMB,U006,2024-07-24
A00078,Account-00078,Manufacturing,EMEA,Enterprise,U011,2025-11-09
A00079,Account-00079,Logistics,NA-East,SMB,U002,2024-06-18
A00080,Account-00080,Manufacturing,NA-East,SMB,U002,2025-06-08
A00081,Account-00081,Logistics,APAC,SMB,U010,2025-11-13
A00082,Account-00082,Media,EMEA,SMB,U001,2025-06-12
A00083,Account-00083,Media,EMEA,SMB,U007,2023-05-24
A00084,Account-00084,Logistics,LATAM,Enterprise,U006,2023-09-13
A00085,Account-00085,Manufacturing,LATAM,Mid-Market,U005,2025-04-16
A00086,Account-00086,Manufacturing,LATAM,SMB,U003,2024-01-28
A00087,Account-00087,Education,NA-West,SMB,U010,2024-09-08
A00088,Account-00088,FinTech,EMEA,SMB,U005,2024-03-06
A00089,Account-00089,Logistics,APAC,SMB,U008,2025-06-24
A00090,Account-00090,Gaming,NA-West,Mid-Market,U011,2023-06-23
A00091,Account-00091,Logistics,NA-East,SMB,U004,2024-09-27
A00092,Account-00092,Media,NA-West,SMB,U001,2023-04-05
A00093,Account-00093,Gaming,LATAM,SMB,U002,2025-07-21
A00094,Account-00094,Media,APAC,SMB,U008,2025-03-29
A00095,Account-00095,FinTech,NA-East,SMB,U007,2024-03-24
A00096,Account-00096,Gaming,NA-East,SMB,U009,2024-05-25
A00097,Account-00097,HealthTech,APAC,Enterprise,U003,2025-08-09
A00098,Account-00098,Logistics,APAC,Mid-Market,U010,2025-10-30
A00099,Account-00099,Gaming,NA-West,SMB,U012,2025-08-30
A00100,Account-00100,Media,EMEA,SMB,U009,2025-09-19
A00101,Account-00101,Manufacturing,APAC,Mid-Market,U002,2024-08-08
A00102,Account-00102,Logistics,EMEA,SMB,U009,2023-06-15
A00103,Account-00103,Media,APAC,SMB,U012,2023-11-09
A00104,Account-00104,HealthTech,APAC,Mid-Market,U007,2024-11-08
A00105,Account-00105,Education,NA-East,SMB,U004,2025-05-10
A00106,Account-00106,FinTech,LATAM,SMB,U007,2025-09-03
A00107,Account-00107,Logistics,EMEA,SMB,U007,2025-05-08
A00108,Account-00108,Media,APAC,SMB,U004,2024-07-12
A00109,Account-00109,FinTech,APAC,SMB,U006,2025-04-08
A00110,Account-00110,Gaming,NA-West,Mid-Market,U010,2025-12-29
A00111,Account-00111,Education,LATAM,SMB,U010,2023-02-25
A00112,Account-00112,Education,NA-West,SMB,U008,2024-01-08
A00113,Account-00113,Education,EMEA,SMB,U004,2025-07-20
A00114,Account-00114,Education,EMEA,SMB,U007,2024-05-31
A00115,Account-00115,Gaming,NA-East,Mid-Market,U012,2023-04-17
A00116,Account-00116,Logistics,NA-West,Enterprise,U011,2023-05-21
A00117,Account-00117,FinTech,NA-East,Mid-Market,U004,2024-02-13
A00118,Account-00118,E-commerce,NA-West,Mid-Market,U003,2025-08-27
A00119,Account-00119,Media,APAC,Mid-Market,U012,2024-06-08
A00120,Account-00120,E-commerce,LATAM,Mid-Market,U010,2023-08-23
A00121,Account-00121,E-commerce,EMEA,Mid-Market,U002,2023-02-22
A00122,Account-00122,Education,APAC,Enterprise,U012,2024-02-11
A00123,Account-00123,Media,NA-East,SMB,U012,2024-09-09
A00124,Account-00124,HealthTech,LATAM,Enterprise,U001,2024-12-12
A00125,Account-00125,Logistics,NA-East,SMB,U009,2024-11-29
A00126,Account-00126,Education,APAC,SMB,U002,2025-06-06
A00127,Account-00127,Gaming,NA-West,Enterprise,U007,2023-12-27
A00128,Account-00128,Manufacturing,LATAM,Mid-Market,U009,2025-09-17
A00129,Account-00129,Manufacturing,EMEA,SMB,U004,2023-06-27
A00130,Account-00130,Gaming,NA-West,SMB,U008,2025-02-15
A00131,Account-00131,Gaming,EMEA,SMB,U003,2025-09-25
A00132,Account-00132,Manufacturing,EMEA,SMB,U005,2024-07-19
A00133,Account-00133,Media,NA-East,Mid-Market,U004,2025-04-12
A00134,Account-00134,Media,APAC,SMB,U011,2025-10-02
A00135,Account-00135,FinTech,NA-East,SMB,U005,2024-03-29
A00136,Account-00136,Media,EMEA,SMB,U011,2025-01-25
A00137,Account-00137,Logistics,APAC,SMB,U012,2024-11-08
A00138,Account-00138,Gaming,EMEA,SMB,U005,2024-05-29
A00139,Account-00139,Media,EMEA,SMB,U002,2024-01-15
A00140,Account-00140,Gaming,EMEA,SMB,U012,2025-12-10
A00141,Account-00141,HealthTech,NA-West,Mid-Market,U005,2024-04-10
A00142,Account-00142,Manufacturing,NA-East,SMB,U012,2025-12-29
A00143,Account-00143,FinTech,NA-East,SMB,U009,2024-08-21
A00144,Account-00144,E-commerce,APAC,Mid-Market,U002,2023-01-26
A00145,Account-00145,Gaming,APAC,Mid-Market,U008,2024-11-28
A00146,Account-00146,FinTech,EMEA,SMB,U008,2023-08-22
A00147,Account-00147,Education,APAC,Mid-Market,U002,2023-04-20
A00148,Account-00148,Manufacturing,NA-East,SMB,U004,2023-08-31
A00149,Account-00149,Education,LATAM,Mid-Market,U010,2024-04-07
A00150,Account-00150,Education,APAC,Mid-Market,U008,2024-08-31
A00151,Account-00151,Education,EMEA,Enterprise,U010,2023-05-04
A00152,Account-00152,HealthTech,NA-West,Mid-Market,U011,2024-03-08
A00153,Account-00153,HealthTech,NA-West,SMB,U004,2023-12-22
A00154,Account-00154,E-commerce,NA-East,Mid-Market,U007,2025-07-11
A00155,Account-00155,Gaming,EMEA,Mid-Market,U001,2024-04-19
A00156,Account-00156,Manufacturing,APAC,SMB,U002,2024-04-23
A00157,Account-00157,Media,APAC,Enterprise,U002,2024-04-05
A00158,Account-00158,Manufacturing,NA-West,Mid-Market,U002,2023-05-03
A00159,Account-00159,Manufacturing,LATAM,SMB,U012,2024-08-14
A00160,Account-00160,Gaming,EMEA,SMB,U012,2025-04-04
A00161,Account-00161,Gaming,APAC,Enterprise,U002,2023-03-23
A00162,Account-00162,Logistics,LATAM,Enterprise,U005,2023-02-22
A00163,Account-00163,FinTech,EMEA,SMB,U010,2023-03-24
A00164,Account-00164,E-commerce,APAC,Mid-Market,U009,2025-06-24
A00165,Account-00165,E-commerce,LATAM,Enterprise,U007,2025-10-04
A00166,Account-00166,Gaming,EMEA,Enterprise,U007,2024-11-13
A00167,Account-00167,HealthTech,NA-West,SMB,U006,2025-04-23
A00168,Account-00168,Manufacturing,APAC,Mid-Market,U009,2023-03-17
A00169,Account-00169,Logistics,EMEA,SMB,U006,2023-08-26
A00170,Account-00170,Education,LATAM,Enterprise,U001,2025-08-04
A00171,Account-00171,Media,LATAM,SMB,U006,2025-10-17
A00172,Account-00172,FinTech,NA-West,Mid-Market,U005,2023-09-26
A00173,Account-00173,Gaming,APAC,Enterprise,U002,2023-03-01
A00174,Account-00174,Media,NA-West,Enterprise,U005,2023-01-29
A00175,Account-00175,HealthTech,NA-West,Mid-Market,U002,2025-08-03
A00176,Account-00176,E-commerce,APAC,Enterprise,U012,2024-08-20
A00177,Account-00177,Manufacturing,APAC,SMB,U008,2025-08-25
A00178,Account-00178,E-commerce,APAC,SMB,U004,2025-11-06
A00179,Account-00179,E-commerce,NA-East,Mid-Market,U005,2025-04-29
A00180,Account-00180,Manufacturing,NA-East,SMB,U005,2024-09-03
A00181,Account-00181,Gaming,NA-West,Mid-Market,U008,2025-09-18
A00182,Account-00182,Education,APAC,SMB,U006,2024-01-22
A00183,Account-00183,Media,LATAM,Enterprise,U007,2024-04-23
A00184,Account-00184,Education,NA-East,Enterprise,U006,2025-08-26
A00185,Account-00185,Education,APAC,Mid-Market,U011,2023-11-08
A00186,Account-00186,FinTech,NA-West,SMB,U009,2024-11-10
A00187,Account-00187,Gaming,NA-East,Enterprise,U009,2025-07-24
A00188,Account-00188,E-commerce,APAC,SMB,U011,2023-11-13
A00189,Account-00189,Manufacturing,EMEA,SMB,U010,2025-03-25
A00190,Account-00190,Logistics,LATAM,Mid-Market,U007,2024-10-10
A00191,Account-00191,Gaming,LATAM,Mid-Market,U001,2023-05-21
A00192,Account-00192,Manufacturing,NA-West,SMB,U012,2023-07-05
A00193,Account-00193,HealthTech,NA-East,SMB,U008,2023-12-07
A00194,Account-00194,FinTech,NA-East,Mid-Market,U006,2023-04-25
A00195,Account-00195,Logistics,APAC,SMB,U003,2024-05-15
A00196,Account-00196,E-commerce,NA-West,SMB,U003,2023-06-11
A00197,Account-00197,Education,LATAM,Mid-Market,U011,2024-05-08
A00198,Account-00198,E-commerce,NA-West,SMB,U008,2024-06-04
A00199,Account-00199,FinTech,APAC,SMB,U005,2023-11-20
A00200,Account-00200,Logistics,LATAM,SMB,U005,2025-05-18
A00201,Account-00201,Gaming,EMEA,Mid-Market,U004,2025-02-26
A00202,Account-00202,HealthTech,NA-West,Enterprise,U007,2025-01-05
A00203,Account-00203,Manufacturing,NA-East,Mid-Market,U011,2025-03-21
A00204,Account-00204,FinTech,LATAM,SMB,U012,2025-10-14
A00205,Account-00205,Manufacturing,NA-West,Mid-Market,U010,2024-12-22
A00206,Account-00206,Media,LATAM,SMB,U005,2023-10-08
A00207,Account-00207,FinTech,EMEA,Mid-Market,U008,2023-03-10
A00208,Account-00208,E-commerce,NA-East,Mid-Market,U005,2024-10-31
A00209,Account-00209,E-commerce,NA-West,Mid-Market,U003,2025-01-19
A00210,Account-00210,Manufacturing,NA-West,SMB,U005,2025-09-13
A00211,Account-00211,Manufacturing,EMEA,Enterprise,U002,2025-08-17
A00212,Account-00212,E-commerce,NA-West,Enterprise,U011,2025-03-24
A00213,Account-00213,Logistics,NA-East,Enterprise,U007,2023-01-29
A00214,Account-00214,HealthTech,APAC,SMB,U006,2024-06-20
A00215,Account-00215,Logistics,NA-East,Mid-Market,U011,2024-04-23
A00216,Account-00216,Logistics,LATAM,SMB,U004,2023-05-10
A00217,Account-00217,Gaming,EMEA,Mid-Market,U011,2025-04-16
A00218,Account-00218,FinTech,NA-East,SMB,U005,2025-10-05
A00219,Account-00219,Media,LATAM,SMB,U003,2025-03-06
A00220,Account-00220,Education,LATAM,SMB,U012,2023-11-13
A00221,Account-00221,HealthTech,APAC,Enterprise,U010,2025-04-15
A00222,Account-00222,Manufacturing,NA-East,Enterprise,U012,2025-01-28
A00223,Account-00223,Gaming,NA-West,SMB,U006,2023-07-23
A00224,Account-00224,Logistics,LATAM,Enterprise,U011,2025-01-04
A00225,Account-00225,Manufacturing,NA-West,SMB,U002,2025-07-20
A00226,Account-00226,Media,LATAM,SMB,U001,2023-04-14
A00227,Account-00227,Media,NA-West,Mid-Market,U010,2024-02-25
A00228,Account-00228,Media,LATAM,SMB,U004,2024-04-22
A00229,Account-00229,E-commerce,LATAM,SMB,U001,2024-07-21
A00230,Account-00230,E-commerce,NA-West,Enterprise,U009,2024-05-28
A00231,Account-00231,HealthTech,NA-East,Mid-Market,U003,2023-01-31
A00232,Account-00232,Media,LATAM,SMB,U006,2023-02-02
A00233,Account-00233,FinTech,NA-West,SMB,U012,2025-05-12
A00234,Account-00234,HealthTech,APAC,SMB,U008,2025-01-11
A00235,Account-00235,HealthTech,APAC,SMB,U009,2024-03-29
A00236,Account-00236,FinTech,LATAM,Enterprise,U005,2025-07-27
A00237,Account-00237,FinTech,NA-East,Mid-Market,U008,2025-04-02
A00238,Account-00238,HealthTech,APAC,SMB,U012,2025-06-27
A00239,Account-00239,HealthTech,EMEA,SMB,U010,2023-10-31
A00240,Account-00240,Manufacturing,LATAM,SMB,U011,2024-10-27
A00241,Account-00241,Manufacturing,APAC,SMB,U009,2025-05-31
A00242,Account-00242,HealthTech,LATAM,SMB,U012,2024-03-16
A00243,Account-00243,Media,APAC,SMB,U006,2025-07-17
A00244,Account-00244,HealthTech,EMEA,SMB,U007,2024-10-02
A00245,Account-00245,Logistics,NA-West,Mid-Market,U011,2025-08-29
A00246,Account-00246,HealthTech,NA-East,SMB,U007,2023-07-17
A00247,Account-00247,Logistics,NA-West,Mid-Market,U009,2023-05-03
A00248,Account-00248,Logistics,NA-East,Mid-Market,U007,2024-12-25
A00249,Account-00249,Education,NA-East,Enterprise,U005,2024-10-01
A00250,Account-00250,Media,NA-West,SMB,U011,2025-09-14
A00251,Account-00251,HealthTech,EMEA,SMB,U009,2025-01-22
A00252,Account-00252,Manufacturing,LATAM,SMB,U004,2025-05-28
A00253,Account-00253,FinTech,LATAM,Mid-Market,U011,2024-07-01
A00254,Account-00254,Manufacturing,EMEA,SMB,U006,2024-12-19
A00255,Account-00255,E-commerce,LATAM,SMB,U011,2025-03-31
A00256,Account-00256,FinTech,NA-East,SMB,U012,2025-12-22
A00257,Account-00257,Education,APAC,SMB,U006,2023-11-19
A00258,Account-00258,Logistics,LATAM,SMB,U010,2023-06-23
A00259,Account-00259,E-commerce,NA-West,Enterprise,U010,2023-04-12
A00260,Account-00260,Manufacturing,APAC,Mid-Market,U011,2025-05-18
A00261,Account-00261,Gaming,APAC,SMB,U005,2024-03-17
A00262,Account-00262,HealthTech,EMEA,Mid-Market,U007,2023-08-16
A00263,Account-00263,Gaming,LATAM,SMB,U011,2024-09-23
A00264,Account-00264,Education,LATAM,SMB,U001,2023-01-16
A00265,Account-00265,Media,NA-West,SMB,U005,2024-08-15
A00266,Account-00266,FinTech,APAC,SMB,U012,2025-05-31
A00267,Account-00267,Education,LATAM,SMB,U012,2024-04-16
A00268,Account-00268,Logistics,NA-East,SMB,U007,2023-03-28
A00269,Account-00269,Gaming,NA-East,SMB,U006,2025-05-29
A00270,Account-00270,Education,EMEA,Mid-Market,U002,2025-04-09
A00271,Account-00271,Logistics,NA-West,SMB,U010,2025-07-31
A00272,Account-00272,Logistics,NA-East,Mid-Market,U007,2023-08-05
A00273,Account-00273,Education,LATAM,SMB,U002,2025-03-21
A00274,Account-00274,Logistics,NA-West,Enterprise,U006,2023-12-11
A00275,Account-00275,HealthTech,LATAM,SMB,U009,2024-02-02
A00276,Account-00276,Logistics,EMEA,Enterprise,U012,2023-10-30
A00277,Account-00277,E-commerce,EMEA,SMB,U004,2023-12-22
A00278,Account-00278,HealthTech,NA-West,Mid-Market,U011,2025-10-08
A00279,Account-00279,Gaming,LATAM,SMB,U011,2024-10-23
A00280,Account-00280,Logistics,NA-West,Enterprise,U008,2023-05-20
A00281,Account-00281,Manufacturing,EMEA,SMB,U010,2023-04-26
A00282,Account-00282,HealthTech,EMEA,SMB,U008,2025-07-14
A00283,Account-00283,Logistics,EMEA,SMB,U002,2023-07-04
A00284,Account-00284,Education,APAC,Mid-Market,U010,2023-03-26
A00285,Account-00285,Media,EMEA,SMB,U010,2025-09-01
A00286,Account-00286,FinTech,APAC,SMB,U002,2024-12-04
A00287,Account-00287,HealthTech,LATAM,Enterprise,U011,2023-12-20
A00288,Account-00288,Gaming,APAC,SMB,U009,2025-12-06
A00289,Account-00289,Logistics,EMEA,Mid-Market,U005,2025-03-04
A00290,Account-00290,Logistics,LATAM,SMB,U001,2024-11-16
A00291,Account-00291,HealthTech,LATAM,SMB,U011,2025-03-02
A00292,Account-00292,E-commerce,EMEA,SMB,U002,2023-10-17
A00293,Account-00293,Manufacturing,APAC,Enterprise,U003,2023-06-23
A00294,Account-00294,Education,EMEA,SMB,U003,2025-12-14
A00295,Account-00295,Education,LATAM,SMB,U006,2023-02-07
A00296,Account-00296,E-commerce,NA-West,SMB,U006,2025-09-22
A00297,Account-00297,E-commerce,NA-West,SMB,U002,2024-08-28
A00298,Account-00298,HealthTech,LATAM,Mid-Market,U009,2025-12-14
A00299,Account-00299,Logistics,LATAM,SMB,U003,2025-02-10
A00300,Account-00300,E-commerce,LATAM,SMB,U003,2025-06-15
A00301,Account-00301,Logistics,NA-West,SMB,U008,2024-08-06
A00302,Account-00302,Gaming,NA-West,Mid-Market,U009,2024-05-04
A00303,Account-00303,Gaming,NA-West,SMB,U006,2025-06-21
A00304,Account-00304,Manufacturing,APAC,SMB,U009,2025-12-16
A00305,Account-00305,E-commerce,NA-West,SMB,U010,2023-10-11
A00306,Account-00306,FinTech,APAC,Enterprise,U006,2023-07-30
A00307,Account-00307,HealthTech,EMEA,Mid-Market,U002,2023-11-25
A00308,Account-00308,E-commerce,APAC,SMB,U002,2024-03-30
A00309,Account-00309,Logistics,NA-East,Mid-Market,U007,2023-04-20
A00310,Account-00310,Logistics,NA-West,SMB,U007,2023-06-17
A00311,Account-00311,FinTech,EMEA,SMB,U002,2024-11-17
A00312,Account-00312,E-commerce,NA-East,Mid-Market,U005,2025-08-25
A00313,Account-00313,E-commerce,APAC,Mid-Market,U008,2023-01-11
A00314,Account-00314,FinTech,EMEA,Enterprise,U004,2023-11-03
A00315,Account-00315,Education,NA-East,SMB,U005,2024-05-01
A00316,Account-00316,FinTech,NA-West,SMB,U007,2025-07-25
A00317,Account-00317,Gaming,LATAM,SMB,U009,2023-02-03
A00318,Account-00318,Media,NA-West,Mid-Market,U005,2025-05-29
A00319,Account-00319,Logistics,NA-West,SMB,U010,2025-05-03
A00320,Account-00320,HealthTech,LATAM,SMB,U006,2023-05-19
A00321,Account-00321,FinTech,APAC,Enterprise,U008,2023-03-31
A00322,Account-00322,Logistics,EMEA,Mid-Market,U012,2023-02-03
A00323,Account-00323,HealthTech,EMEA,SMB,U004,2023-08-01
A00324,Account-00324,Logistics,NA-West,Mid-Market,U001,2024-12-22
A00325,Account-00325,E-commerce,APAC,SMB,U012,2025-09-07
A00326,Account-00326,E-commerce,NA-East,Mid-Market,U012,2025-07-26
A00327,Account-00327,Media,NA-East,SMB,U004,2023-03-27
A00328,Account-00328,Manufacturing,LATAM,SMB,U007,2025-08-27
A00329,Account-00329,Media,EMEA,SMB,U006,2023-04-08
A00330,Account-00330,Logistics,EMEA,Enterprise,U002,2025-01-23
A00331,Account-00331,Education,APAC,SMB,U007,2024-11-25
A00332,Account-00332,Gaming,APAC,Enterprise,U006,2025-11-29
A00333,Account-00333,HealthTech,APAC,SMB,U002,2025-05-31
A00334,Account-00334,E-commerce,LATAM,Mid-Market,U005,2024-10-19
A00335,Account-00335,Logistics,EMEA,SMB,U005,2025-07-02
A00336,Account-00336,Education,NA-West,Mid-Market,U012,2025-06-28
A00337,Account-00337,FinTech,EMEA,SMB,U010,2025-06-09
A00338,Account-00338,FinTech,NA-East,SMB,U011,2025-04-11
A00339,Account-00339,E-commerce,NA-East,SMB,U003,2025-06-16
A00340,Account-00340,HealthTech,NA-West,SMB,U011,2025-01-20
A00341,Account-00341,FinTech,LATAM,SMB,U003,2025-07-10
A00342,Account-00342,Logistics,APAC,Enterprise,U002,2023-10-09
A00343,Account-00343,Education,EMEA,SMB,U011,2024-07-24
A00344,Account-00344,HealthTech,NA-East,SMB,U012,2024-01-17
A00345,Account-00345,Education,LATAM,SMB,U002,2024-06-20
A00346,Account-00346,Gaming,NA-West,Mid-Market,U010,2024-08-07
A00347,Account-00347,Gaming,NA-West,Mid-Market,U002,2023-10-05
A00348,Account-00348,Gaming,NA-West,Enterprise,U012,2025-06-30
A00349,Account-00349,Logistics,EMEA,Enterprise,U012,2023-05-13
A00350,Account-00350,Manufacturing,EMEA,SMB,U003,2023-12-23
A00351,Account-00351,Media,NA-East,Mid-Market,U004,2023-10-12
A00352,Account-00352,Gaming,NA-East,SMB,U006,2025-01-25
A00353,Account-00353,E-commerce,LATAM,SMB,U002,2023-05-15
A00354,Account-00354,Gaming,LATAM,SMB,U007,2025-04-18
A00355,Account-00355,HealthTech,NA-West,Mid-Market,U006,2023-06-01
A00356,Account-00356,Logistics,NA-West,SMB,U009,2024-01-08
A00357,Account-00357,E-commerce,APAC,Mid-Market,U009,2023-04-24
A00358,Account-00358,E-commerce,EMEA,Mid-Market,U003,2023-11-28
A00359,Account-00359,Media,EMEA,SMB,U009,2024-08-04
A00360,Account-00360,Manufacturing,NA-West,Mid-Market,U011,2024-07-16
A00361,Account-00361,Manufacturing,LATAM,SMB,U009,2023-07-11
A00362,Account-00362,E-commerce,LATAM,SMB,U010,2023-11-12
A00363,Account-00363,Logistics,LATAM,SMB,U001,2023-02-28
A00364,Account-00364,Manufacturing,NA-West,SMB,U010,2025-05-03
A00365,Account-00365,FinTech,APAC,Mid-Market,U011,2024-08-16
A00366,Account-00366,Manufacturing,APAC,Mid-Market,U004,2025-04-11
A00367,Account-00367,HealthTech,NA-East,SMB,U003,2025-06-19
A00368,Account-00368,Gaming,NA-West,SMB,U006,2023-10-22
A00369,Account-00369,Logistics,EMEA,SMB,U007,2023-09-25
A00370,Account-00370,HealthTech,EMEA,Mid-Market,U004,2025-08-13
A00371,Account-00371,Gaming,NA-West,SMB,U003,2023-07-18
A00372,Account-00372,Education,LATAM,SMB,U007,2024-05-23
A00373,Account-00373,E-commerce,EMEA,Enterprise,U010,2024-10-02
A00374,Account-00374,E-commerce,APAC,SMB,U009,2025-08-14
A00375,Account-00375,Manufacturing,APAC,SMB,U001,2023-07-04
A00376,Account-00376,Gaming,NA-West,Enterprise,U004,2024-12-23
A00377,Account-00377,Manufacturing,APAC,SMB,U010,2025-08-21
A00378,Account-00378,FinTech,NA-East,SMB,U007,2023-10-02
A00379,Account-00379,Logistics,APAC,Enterprise,U006,2023-04-03
A00380,Account-00380,Media,EMEA,SMB,U009,2024-08-14
A00381,Account-00381,Gaming,LATAM,SMB,U005,2023-09-01
A00382,Account-00382,HealthTech,APAC,SMB,U006,2024-11-25
A00383,Account-00383,Logistics,NA-West,Mid-Market,U004,2025-11-08
A00384,Account-00384,FinTech,NA-East,SMB,U001,2023-10-08
A00385,Account-00385,Gaming,LATAM,Mid-Market,U008,2023-11-02
A00386,Account-00386,E-commerce,EMEA,Mid-Market,U010,2024-10-14
A00387,Account-00387,Manufacturing,LATAM,SMB,U006,2025-11-04
A00388,Account-00388,Gaming,LATAM,Mid-Market,U005,2025-08-30
A00389,Account-00389,Logistics,EMEA,Mid-Market,U011,2023-08-13
A00390,Account-00390,Manufacturing,NA-East,Enterprise,U010,2025-08-29
A00391,Account-00391,Media,NA-East,SMB,U010,2025-09-10
A00392,Account-00392,Education,NA-West,SMB,U011,2024-05-11
A00393,Account-00393,HealthTech,NA-West,SMB,U001,2025-06-22
A00394,Account-00394,E-commerce,APAC,SMB,U012,2024-02-22
A00395,Account-00395,Gaming,NA-East,SMB,U012,2023-10-10
A00396,Account-00396,Logistics,APAC,SMB,U009,2025-02-10
A00397,Account-00397,E-commerce,APAC,SMB,U009,2024-12-02
A00398,Account-00398,Manufacturing,LATAM,SMB,U008,2024-01-29
A00399,Account-00399,Manufacturing,LATAM,Enterprise,U005,2024-04-05
A00400,Account-00400,Manufacturing,EMEA,Enterprise,U012,2024-02-29
A00401,Account-00401,Gaming,EMEA,Mid-Market,U008,2024-12-15
A00402,Account-00402,Manufacturing,EMEA,Mid-Market,U002,2025-02-16
A00403,Account-00403,Education,EMEA,Enterprise,U003,2024-08-17
A00404,Account-00404,HealthTech,EMEA,SMB,U008,2024-06-09
A00405,Account-00405,Media,NA-West,Mid-Market,U009,2024-07-09
A00406,Account-00406,Manufacturing,NA-West,Enterprise,U002,2024-05-05
A00407,Account-00407,Media,NA-West,SMB,U001,2023-07-25
A00408,Account-00408,Gaming,NA-East,SMB,U011,2023-10-09
A00409,Account-00409,E-commerce,APAC,SMB,U011,2025-09-01
A00410,Account-00410,Media,EMEA,SMB,U006,2024-08-07
A00411,Account-00411,HealthTech,LATAM,Mid-Market,U004,2025-12-31
A00412,Account-00412,FinTech,NA-West,Mid-Market,U007,2023-12-27
A00413,Account-00413,FinTech,APAC,Enterprise,U008,2024-01-17
A00414,Account-00414,Manufacturing,NA-East,Enterprise,U001,2024-09-03
A00415,Account-00415,HealthTech,EMEA,Mid-Market,U005,2025-07-19
A00416,Account-00416,Gaming,NA-West,Enterprise,U009,2025-08-16
A00417,Account-00417,HealthTech,EMEA,SMB,U003,2025-07-28
A00418,Account-00418,E-commerce,NA-East,Mid-Market,U012,2024-11-21
A00419,Account-00419,Media,NA-West,Mid-Market,U010,2025-04-10
A00420,Account-00420,Logistics,NA-East,Mid-Market,U007,2023-07-15
A00421,Account-00421,E-commerce,APAC,SMB,U006,2024-05-23
A00422,Account-00422,Education,NA-West,SMB,U008,2024-06-30
A00423,Account-00423,Manufacturing,LATAM,Enterprise,U012,2023-01-24
A00424,Account-00424,Logistics,NA-West,SMB,U001,2023-08-31
A00425,Account-00425,E-commerce,APAC,SMB,U011,2025-10-26
A00426,Account-00426,Manufacturing,NA-East,Enterprise,U011,2024-08-27
A00427,Account-00427,Media,NA-West,SMB,U003,2025-09-06
A00428,Account-00428,Logistics,APAC,SMB,U012,2025-08-22
A00429,Account-00429,Media,NA-West,Mid-Market,U011,2023-06-17
A00430,Account-00430,Logistics,NA-East,SMB,U010,2023-08-18
A00431,Account-00431,Media,LATAM,SMB,U009,2023-11-03
A00432,Account-00432,Gaming,NA-East,SMB,U011,2024-02-25
A00433,Account-00433,Gaming,NA-East,Mid-Market,U009,2025-07-01
A00434,Account-00434,Gaming,NA-West,Mid-Market,U009,2025-04-30
A00435,Account-00435,FinTech,LATAM,SMB,U008,2024-09-23
A00436,Account-00436,Education,EMEA,Mid-Market,U001,2024-03-22
A00437,Account-00437,FinTech,APAC,Mid-Market,U006,2023-05-11
A00438,Account-00438,FinTech,NA-East,SMB,U008,2023-03-06
A00439,Account-00439,E-commerce,NA-West,SMB,U011,2025-05-10
A00440,Account-00440,Education,APAC,SMB,U007,2025-02-08
A00441,Account-00441,E-commerce,EMEA,SMB,U002,2024-01-01
A00442,Account-00442,Education,LATAM,Enterprise,U003,2024-04-01
A00443,Account-00443,FinTech,EMEA,Mid-Market,U008,2025-05-18
A00444,Account-00444,Media,NA-West,SMB,U008,2024-12-09
A00445,Account-00445,Media,NA-East,SMB,U001,2025-05-08
A00446,Account-00446,FinTech,NA-West,Mid-Market,U004,2023-05-18
A00447,Account-00447,FinTech,APAC,SMB,U010,2023-04-10
A00448,Account-00448,FinTech,APAC,SMB,U008,2024-04-24
A00449,Account-00449,FinTech,NA-West,SMB,U009,2024-08-15
A00450,Account-00450,Logistics,LATAM,SMB,U010,2024-10-18
A00451,Account-00451,E-commerce,LATAM,SMB,U004,2025-04-26
A00452,Account-00452,FinTech,LATAM,SMB,U010,2023-12-25
A00453,Account-00453,Education,LATAM,Mid-Market,U008,2023-04-07
A00454,Account-00454,Education,LATAM,Enterprise,U006,2025-05-02
A00455,Account-00455,Manufacturing,APAC,SMB,U003,2025-08-27
A00456,Account-00456,Media,EMEA,SMB,U012,2023-10-23
A00457,Account-00457,FinTech,LATAM,Mid-Market,U007,2025-05-03
A00458,Account-00458,E-commerce,APAC,Mid-Market,U004,2024-06-06
A00459,Account-00459,HealthTech,APAC,SMB,U006,2023-07-09
A00460,Account-00460,Media,NA-East,SMB,U005,2025-02-11
A00461,Account-00461,FinTech,NA-East,Mid-Market,U004,2024-03-20
A00462,Account-00462,Logistics,EMEA,SMB,U001,2024-03-09
A00463,Account-00463,HealthTech,APAC,Enterprise,U004,2024-02-23
A00464,Account-00464,Media,LATAM,SMB,U006,2024-08-02
A00465,Account-00465,Logistics,EMEA,SMB,U005,2025-01-06
A00466,Account-00466,Gaming,APAC,SMB,U002,2025-08-19
A00467,Account-00467,Logistics,NA-West,Mid-Market,U006,2024-10-02
A00468,Account-00468,Media,NA-West,SMB,U001,2024-06-18
A00469,Account-00469,Education,EMEA,Mid-Market,U003,2024-02-06
A00470,Account-00470,Education,LATAM,SMB,U004,2025-10-19
A00471,Account-00471,Logistics,EMEA,Mid-Market,U008,2025-10-01
A00472,Account-00472,Logistics,NA-West,SMB,U003,2025-09-27
A00473,Account-00473,FinTech,LATAM,SMB,U001,2023-06-02
A00474,Account-00474,FinTech,NA-East,Enterprise,U007,2023-10-09
A00475,Account-00475,Media,NA-East,Mid-Market,U012,2023-11-06
A00476,Account-00476,Gaming,EMEA,SMB,U001,2025-09-16
A00477,Account-00477,FinTech,NA-East,Mid-Market,U009,2025-04-22
A00478,Account-00478,Manufacturing,LATAM,SMB,U005,2023-02-05
A00479,Account-00479,Education,NA-West,SMB,U002,2023-07-17
A00480,Account-00480,Media,NA-West,SMB,U010,2025-12-14
A00481,Account-00481,Logistics,EMEA,SMB,U007,2023-06-11
A00482,Account-00482,Education,APAC,SMB,U010,2024-05-13
A00483,Account-00483,Media,EMEA,Enterprise,U011,2023-06-15
A00484,Account-00484,FinTech,NA-East,Mid-Market,U007,2025-02-15
A00485,Account-00485,Gaming,NA-East,SMB,U011,2023-01-20
A00486,Account-00486,HealthTech,APAC,Mid-Market,U007,2024-11-09
A00487,Account-00487,HealthTech,LATAM,Mid-Market,U001,2024-04-15
A00488,Account-00488,Gaming,EMEA,SMB,U001,2023-06-02
A00489,Account-00489,Manufacturing,LATAM,Mid-Market,U010,2023-03-09
A00490,Account-00490,Logistics,NA-East,SMB,U004,2023-10-23
A00491,Account-00491,Education,NA-East,Mid-Market,U005,2023-11-29
A00492,Account-00492,Education,LATAM,Mid-Market,U006,2025-02-25
A00493,Account-00493,E-commerce,NA-East,Mid-Market,U009,2024-12-09
A00494,Account-00494,Education,NA-West,SMB,U002,2024-11-28
A00495,Account-00495,Education,EMEA,Mid-Market,U001,2024-07-13
A00496,Account-00496,Gaming,APAC,Mid-Market,U004,2024-12-29
A00497,Account-00497,Education,APAC,Mid-Market,U003,2025-02-17
A00498,Account-00498,Manufacturing,NA-West,SMB,U012,2023-05-31
A00499,Account-00499,E-commerce,APAC,SMB,U012,2023-11-12
A00500,Account-00500,Logistics,EMEA,Mid-Market,U002,2023-07-07
A00501,Account-00501,Manufacturing,APAC,SMB,U006,2024-07-06
A00502,Account-00502,HealthTech,NA-West,SMB,U007,2025-07-08
A00503,Account-00503,Education,NA-East,Mid-Market,U001,2023-07-03
A00504,Account-00504,HealthTech,LATAM,SMB,U010,2024-10-26
A00505,Account-00505,FinTech,EMEA,Enterprise,U007,2025-03-05
A00506,Account-00506,Media,LATAM,Mid-Market,U009,2023-12-14
A00507,Account-00507,E-commerce,NA-West,Mid-Market,U005,2024-09-08
A00508,Account-00508,E-commerce,NA-East,SMB,U003,2025-06-09
A00509,Account-00509,Manufacturing,APAC,SMB,U002,2025-01-09
A00510,Account-00510,Media,APAC,SMB,U010,2024-02-05
A00511,Account-00511,E-commerce,EMEA,SMB,U001,2025-03-21
A00512,Account-00512,Education,EMEA,SMB,U008,2024-11-16
A00513,Account-00513,E-commerce,EMEA,SMB,U006,2024-02-16
A00514,Account-00514,E-commerce,APAC,SMB,U006,2024-08-19
A00515,Account-00515,Gaming,LATAM,Mid-Market,U004,2024-10-29
A00516,Account-00516,Education,EMEA,SMB,U002,2024-02-14
A00517,Account-00517,E-commerce,LATAM,Mid-Market,U001,2025-08-03
A00518,Account-00518,Media,APAC,Enterprise,U005,2023-05-22
A00519,Account-00519,Education,APAC,Mid-Market,U003,2024-09-12
A00520,Account-00520,E-commerce,APAC,SMB,U007,2023-06-01
A00521,Account-00521,Gaming,LATAM,SMB,U007,2025-12-30
A00522,Account-00522,Education,LATAM,SMB,U001,2025-01-06
A00523,Account-00523,HealthTech,NA-East,Mid-Market,U004,2024-12-28
A00524,Account-00524,FinTech,LATAM,SMB,U011,2025-03-29
A00525,Account-00525,Logistics,APAC,Enterprise,U002,2023-01-22
A00526,Account-00526,Media,LATAM,SMB,U012,2025-11-28
A00527,Account-00527,Media,APAC,Mid-Market,U006,2025-03-12
A00528,Account-00528,E-commerce,EMEA,SMB,U001,2025-09-15
A00529,Account-00529,Education,NA-East,SMB,U002,2023-10-18
A00530,Account-00530,Logistics,APAC,SMB,U004,2025-12-03
A00531,Account-00531,Gaming,NA-East,SMB,U008,2025-07-15
A00532,Account-00532,Manufacturing,NA-East,SMB,U012,2023-08-24
A00533,Account-00533,Logistics,NA-East,SMB,U011,2023-12-03
A00534,Account-00534,Media,LATAM,Enterprise,U003,2023-11-24
A00535,Account-00535,Education,APAC,SMB,U004,2025-04-09
A00536,Account-00536,E-commerce,APAC,Mid-Market,U007,2023-03-01
A00537,Account-00537,Media,APAC,Mid-Market,U010,2025-05-29
A00538,Account-00538,Media,NA-West,SMB,U005,2023-05-09
A00539,Account-00539,E-commerce,EMEA,Mid-Market,U006,2024-02-08
A00540,Account-00540,Manufacturing,APAC,SMB,U009,2024-10-03
A00541,Account-00541,Education,LATAM,Mid-Market,U002,2024-12-13
A00542,Account-00542,Gaming,LATAM,SMB,U003,2024-09-01
A00543,Account-00543,HealthTech,NA-West,Enterprise,U006,2023-08-30
A00544,Account-00544,HealthTech,NA-West,SMB,U006,2023-10-17
A00545,Account-00545,Education,LATAM,SMB,U003,2025-02-24
A00546,Account-00546,Gaming,LATAM,SMB,U012,2023-12-21
A00547,Account-00547,Gaming,EMEA,Mid-Market,U003,2024-01-19
A00548,Account-00548,Gaming,LATAM,SMB,U001,2025-01-05
A00549,Account-00549,Gaming,NA-West,Enterprise,U004,2025-02-25
A00550,Account-00550,Gaming,APAC,Enterprise,U011,2025-10-04
A00551,Account-00551,Gaming,APAC,SMB,U003,2023-06-19
A00552,Account-00552,Media,EMEA,Mid-Market,U001,2024-07-16
A00553,Account-00553,Manufacturing,NA-West,SMB,U008,2025-10-11
A00554,Account-00554,HealthTech,LATAM,SMB,U002,2024-07-02
A00555,Account-00555,Logistics,LATAM,Mid-Market,U001,2025-06-22
A00556,Account-00556,Education,NA-East,SMB,U012,2024-05-21
A00557,Account-00557,FinTech,APAC,SMB,U005,2024-12-14
A00558,Account-00558,HealthTech,APAC,Enterprise,U002,2024-04-30
A00559,Account-00559,Logistics,LATAM,SMB,U011,2025-05-26
A00560,Account-00560,E-commerce,NA-West,SMB,U004,2023-05-02
A00561,Account-00561,Manufacturing,LATAM,Mid-Market,U009,2023-12-11
A00562,Account-00562,Manufacturing,EMEA,SMB,U010,2024-07-01
A00563,Account-00563,HealthTech,NA-West,Enterprise,U007,2023-05-02
A00564,Account-00564,E-commerce,NA-West,Enterprise,U004,2023-10-27
A00565,Account-00565,Media,APAC,Mid-Market,U008,2023-10-19
A00566,Account-00566,Manufacturing,APAC,Mid-Market,U007,2025-07-14
A00567,Account-00567,HealthTech,APAC,SMB,U009,2024-07-23
A00568,Account-00568,Logistics,APAC,Mid-Market,U008,2024-11-01
A00569,Account-00569,HealthTech,APAC,Mid-Market,U011,2025-01-03
A00570,Account-00570,Education,NA-West,Enterprise,U007,2024-03-09
A00571,Account-00571,Logistics,EMEA,SMB,U006,2023-09-25
A00572,Account-00572,Gaming,EMEA,Mid-Market,U011,2023-04-10
A00573,Account-00573,Gaming,NA-East,SMB,U002,2023-11-20
A00574,Account-00574,FinTech,APAC,SMB,U004,2023-09-28
A00575,Account-00575,Manufacturing,NA-West,Enterprise,U005,2023-07-11
A00576,Account-00576,Manufacturing,NA-East,Mid-Market,U006,2023-12-05
A00577,Account-00577,Manufacturing,NA-West,SMB,U007,2023-07-06
A00578,Account-00578,FinTech,NA-West,Mid-Market,U008,2023-06-09
A00579,Account-00579,Media,LATAM,SMB,U011,2025-06-30
A00580,Account-00580,Logistics,NA-East,SMB,U007,2023-09-28
A00581,Account-00581,Media,APAC,SMB,U002,2023-07-29
A00582,Account-00582,Logistics,EMEA,SMB,U003,2025-02-22
A00583,Account-00583,E-commerce,NA-West,Mid-Market,U002,2025-12-22
A00584,Account-00584,E-commerce,APAC,Mid-Market,U006,2024-03-12
A00585,Account-00585,E-commerce,APAC,Mid-Market,U010,2025-06-25
A00586,Account-00586,HealthTech,NA-East,Enterprise,U003,2023-09-10
A00587,Account-00587,Education,EMEA,Mid-Market,U007,2024-10-06
A00588,Account-00588,Media,EMEA,Mid-Market,U011,2023-06-22
A00589,Account-00589,Manufacturing,NA-East,SMB,U011,2024-09-09
A00590,Account-00590,Media,APAC,SMB,U005,2023-04-22
A00591,Account-00591,Media,APAC,Mid-Market,U007,2023-08-19
A00592,Account-00592,HealthTech,LATAM,SMB,U001,2025-01-09
A00593,Account-00593,E-commerce,APAC,Enterprise,U010,2025-05-11
A00594,Account-00594,E-commerce,APAC,SMB,U002,2023-02-04
A00595,Account-00595,FinTech,EMEA,Mid-Market,U004,2023-03-23
A00596,Account-00596,Education,LATAM,Enterprise,U005,2025-10-23
A00597,Account-00597,Education,APAC,Mid-Market,U002,2023-11-09
A00598,Account-00598,Manufacturing,NA-East,SMB,U009,2024-02-21
A00599,Account-00599,E-commerce,LATAM,Enterprise,U006,2025-03-11
A00600,Account-00600,HealthTech,EMEA,Mid-Market,U012,2025-06-14
A00601,Account-00601,Media,NA-East,Mid-Market,U004,2023-06-26
A00602,Account-00602,HealthTech,APAC,Enterprise,U010,2023-04-23
A00603,Account-00603,E-commerce,NA-East,SMB,U001,2023-10-09
A00604,Account-00604,E-commerce,APAC,Mid-Market,U006,2025-12-07
A00605,Account-00605,Manufacturing,NA-West,SMB,U006,2023-09-17
A00606,Account-00606,Manufacturing,NA-East,Mid-Market,U001,2024-11-17
A00607,Account-00607,Manufacturing,LATAM,Mid-Market,U002,2024-06-22
A00608,Account-00608,HealthTech,APAC,Mid-Market,U008,2025-11-12
A00609,Account-00609,Gaming,LATAM,SMB,U003,2025-01-23
A00610,Account-00610,HealthTech,LATAM,SMB,U011,2023-08-25
A00611,Account-00611,FinTech,NA-East,SMB,U001,2024-05-15
A00612,Account-00612,Logistics,APAC,SMB,U003,2024-01-02
A00613,Account-00613,FinTech,LATAM,Enterprise,U012,2025-05-08
A00614,Account-00614,Media,APAC,SMB,U012,2024-10-17
A00615,Account-00615,HealthTech,LATAM,SMB,U006,2023-09-02
A00616,Account-00616,FinTech,NA-West,SMB,U004,2025-11-22
A00617,Account-00617,Education,NA-East,Enterprise,U008,2024-08-01
A00618,Account-00618,Manufacturing,EMEA,Mid-Market,U002,2025-07-24
A00619,Account-00619,Media,EMEA,SMB,U010,2024-09-14
A00620,Account-00620,Media,APAC,Mid-Market,U006,2025-10-07
A00621,Account-00621,Media,LATAM,Enterprise,U004,2023-11-05
A00622,Account-00622,Education,NA-East,SMB,U004,2024-12-10
A00623,Account-00623,FinTech,EMEA,Mid-Market,U001,2025-02-09
A00624,Account-00624,Manufacturing,NA-East,Mid-Market,U004,2025-12-21
A00625,Account-00625,Education,APAC,Enterprise,U001,2023-10-19
A00626,Account-00626,HealthTech,NA-East,Mid-Market,U004,2025-11-30
A00627,Account-00627,Logistics,APAC,SMB,U012,2023-06-23
A00628,Account-00628,E-commerce,APAC,Mid-Market,U002,2023-05-08
A00629,Account-00629,E-commerce,NA-West,SMB,U005,2024-06-18
A00630,Account-00630,Education,EMEA,Enterprise,U006,2025-07-16
A00631,Account-00631,HealthTech,NA-West,SMB,U003,2023-08-12
A00632,Account-00632,E-commerce,APAC,SMB,U008,2024-10-05
A00633,Account-00633,Logistics,NA-West,SMB,U008,2024-09-23
A00634,Account-00634,HealthTech,NA-East,SMB,U003,2024-09-15
A00635,Account-00635,FinTech,NA-West,Mid-Market,U006,2023-10-31
A00636,Account-00636,Media,EMEA,SMB,U007,2025-11-17
A00637,Account-00637,Manufacturing,EMEA,SMB,U003,2023-03-05
A00638,Account-00638,Gaming,LATAM,Enterprise,U012,2024-05-26
A00639,Account-00639,HealthTech,NA-West,SMB,U002,2023-01-25
A00640,Account-00640,Media,NA-West,SMB,U004,2025-03-31
A00641,Account-00641,HealthTech,LATAM,SMB,U010,2024-06-14
A00642,Account-00642,HealthTech,NA-East,Enterprise,U002,2024-02-09
A00643,Account-00643,Gaming,NA-West,Enterprise,U002,2024-11-10
A00644,Account-00644,Gaming,NA-East,SMB,U003,2025-06-06
A00645,Account-00645,Education,APAC,Mid-Market,U001,2025-02-22
A00646,Account-00646,E-commerce,EMEA,Mid-Market,U004,2024-01-19
A00647,Account-00647,Gaming,NA-West,SMB,U001,2024-05-18
A00648,Account-00648,Gaming,APAC,Mid-Market,U009,2025-09-08
A00649,Account-00649,Manufacturing,APAC,SMB,U003,2025-05-08
A00650,Account-00650,Media,LATAM,SMB,U001,2025-02-22
A00651,Account-00651,Logistics,APAC,Mid-Market,U009,2025-09-19
A00652,Account-00652,Logistics,APAC,SMB,U005,2024-01-04
A00653,Account-00653,Media,NA-East,SMB,U005,2023-04-30
A00654,Account-00654,Gaming,LATAM,Mid-Market,U006,2024-04-21
A00655,Account-00655,HealthTech,NA-West,Enterprise,U011,2024-05-08
A00656,Account-00656,FinTech,NA-West,SMB,U010,2025-03-06
A00657,Account-00657,E-commerce,NA-West,SMB,U004,2024-10-13
A00658,Account-00658,Logistics,LATAM,Mid-Market,U001,2024-12-21
A00659,Account-00659,E-commerce,LATAM,Enterprise,U004,2025-10-05
A00660,Account-00660,E-commerce,APAC,SMB,U001,2023-07-04
A00661,Account-00661,Media,NA-East,SMB,U009,2025-09-05
A00662,Account-00662,Media,NA-West,SMB,U006,2023-12-30
A00663,Account-00663,Logistics,NA-East,Enterprise,U001,2023-10-30
A00664,Account-00664,E-commerce,NA-East,Mid-Market,U009,2025-01-17
A00665,Account-00665,Logistics,APAC,Enterprise,U010,2023-07-26
A00666,Account-00666,Logistics,NA-West,SMB,U003,2025-06-13
A00667,Account-00667,Gaming,EMEA,Mid-Market,U003,2024-12-31
A00668,Account-00668,E-commerce,APAC,SMB,U005,2024-08-26
A00669,Account-00669,FinTech,LATAM,SMB,U007,2023-03-08
A00670,Account-00670,Logistics,LATAM,SMB,U004,2023-08-02
A00671,Account-00671,E-commerce,EMEA,Enterprise,U012,2023-06-09
A00672,Account-00672,Logistics,NA-West,SMB,U011,2023-07-01
A00673,Account-00673,Logistics,APAC,Mid-Market,U001,2024-06-27
A00674,Account-00674,HealthTech,EMEA,SMB,U005,2023-08-10
A00675,Account-00675,FinTech,APAC,Mid-Market,U008,2025-05-09
A00676,Account-00676,Education,APAC,Enterprise,U007,2024-12-20
A00677,Account-00677,HealthTech,APAC,SMB,U010,2024-04-06
A00678,Account-00678,HealthTech,NA-East,SMB,U005,2023-02-11
A00679,Account-00679,HealthTech,NA-East,SMB,U006,2023-12-15
A00680,Account-00680,E-commerce,NA-East,Enterprise,U009,2023-07-10
A00681,Account-00681,Gaming,NA-East,SMB,U007,2023-12-04
A00682,Account-00682,Education,NA-West,Mid-Market,U001,2023-07-27
A00683,Account-00683,Media,APAC,SMB,U012,2024-06-27
A00684,Account-00684,Manufacturing,NA-West,Mid-Market,U002,2023-04-12
A00685,Account-00685,Gaming,NA-West,SMB,U001,2025-01-08
A00686,Account-00686,HealthTech,EMEA,SMB,U011,2025-09-10
A00687,Account-00687,FinTech,NA-West,SMB,U003,2024-08-20
A00688,Account-00688,Gaming,NA-East,Enterprise,U005,2025-03-25
A00689,Account-00689,Manufacturing,NA-East,SMB,U011,2025-03-04
A00690,Account-00690,Education,EMEA,SMB,U003,2025-07-01
A00691,Account-00691,Gaming,APAC,SMB,U005,2024-04-08
A00692,Account-00692,FinTech,NA-West,Mid-Market,U012,2023-07-18
A00693,Account-00693,Logistics,LATAM,SMB,U007,2024-04-10
A00694,Account-00694,Education,LATAM,Mid-Market,U007,2025-08-30
A00695,Account-00695,Media,APAC,Mid-Market,U005,2023-06-11
A00696,Account-00696,FinTech,LATAM,SMB,U010,2025-11-24
A00697,Account-00697,E-commerce,NA-East,Mid-Market,U008,2023-12-21
A00698,Account-00698,E-commerce,NA-West,Enterprise,U004,2023-09-16
A00699,Account-00699,HealthTech,APAC,SMB,U004,2023-10-30
A00700,Account-00700,Manufacturing,EMEA,Mid-Market,U012,2023-05-18
A00701,Account-00701,Education,LATAM,SMB,U006,2024-07-19
A00702,Account-00702,FinTech,LATAM,SMB,U010,2025-12-06
A00703,Account-00703,HealthTech,APAC,Mid-Market,U003,2023-10-31
A00704,Account-00704,HealthTech,NA-East,Mid-Market,U010,2023-07-26
A00705,Account-00705,Logistics,APAC,Mid-Market,U005,2025-02-23
A00706,Account-00706,Gaming,NA-East,Mid-Market,U003,2024-07-18
A00707,Account-00707,Education,NA-East,SMB,U007,2024-11-09
A00708,Account-00708,FinTech,APAC,Mid-Market,U005,2025-02-01
A00709,Account-00709,Manufacturing,EMEA,SMB,U005,2025-10-03
A00710,Account-00710,HealthTech,NA-West,Enterprise,U003,2024-09-07
A00711,Account-00711,Gaming,EMEA,Enterprise,U005,2025-05-03
A00712,Account-00712,HealthTech,NA-West,Mid-Market,U008,2024-03-08
A00713,Account-00713,Education,APAC,Enterprise,U009,2025-02-04
A00714,Account-00714,E-commerce,NA-East,Mid-Market,U005,2025-11-03
A00715,Account-00715,FinTech,NA-West,SMB,U004,2024-02-16
A00716,Account-00716,Media,NA-East,Mid-Market,U008,2023-04-14
A00717,Account-00717,Media,EMEA,Enterprise,U006,2025-08-08
A00718,Account-00718,HealthTech,NA-East,SMB,U004,2025-02-01
A00719,Account-00719,Gaming,NA-West,SMB,U008,2024-12-17
A00720,Account-00720,Manufacturing,NA-East,SMB,U005,2023-02-26
A00721,Account-00721,E-commerce,LATAM,SMB,U004,2024-03-29
A00722,Account-00722,Media,EMEA,Mid-Market,U011,2025-04-18
A00723,Account-00723,FinTech,APAC,SMB,U003,2023-12-21
A00724,Account-00724,FinTech,NA-West,Mid-Market,U005,2024-09-17
A00725,Account-00725,Manufacturing,APAC,Mid-Market,U007,2024-12-15
A00726,Account-00726,Media,APAC,SMB,U005,2025-12-02
A00727,Account-00727,Education,LATAM,Mid-Market,U002,2023-01-16
A00728,Account-00728,Logistics,LATAM,SMB,U011,2024-08-01
A00729,Account-00729,HealthTech,APAC,SMB,U002,2024-11-19
A00730,Account-00730,Logistics,EMEA,Enterprise,U005,2024-09-03
A00731,Account-00731,Media,NA-East,SMB,U010,2025-04-07
A00732,Account-00732,E-commerce,NA-East,Mid-Market,U011,2025-10-15
A00733,Account-00733,Manufacturing,APAC,Enterprise,U007,2025-03-06
A00734,Account-00734,Media,EMEA,Mid-Market,U012,2024-03-31
A00735,Account-00735,Gaming,EMEA,Mid-Market,U009,2024-09-06
A00736,Account-00736,E-commerce,EMEA,Mid-Market,U002,2025-08-22
A00737,Account-00737,Manufacturing,LATAM,SMB,U003,2024-11-18
A00738,Account-00738,Media,EMEA,Mid-Market,U004,2024-09-20
A00739,Account-00739,Logistics,EMEA,SMB,U005,2024-08-25
A00740,Account-00740,HealthTech,APAC,SMB,U001,2023-05-26
A00741,Account-00741,Media,LATAM,SMB,U002,2025-02-20
A00742,Account-00742,Education,NA-East,SMB,U003,2023-10-09
A00743,Account-00743,Logistics,APAC,Enterprise,U010,2025-07-26
A00744,Account-00744,E-commerce,NA-East,SMB,U008,2024-11-12
A00745,Account-00745,E-commerce,EMEA,Mid-Market,U011,2023-04-29
A00746,Account-00746,Manufacturing,NA-West,SMB,U003,2023-11-21
A00747,Account-00747,HealthTech,NA-West,SMB,U010,2025-06-07
A00748,Account-00748,Education,APAC,Mid-Market,U008,2025-02-24
A00749,Account-00749,Media,EMEA,SMB,U001,2024-10-21
A00750,Account-00750,Media,NA-East,Mid-Market,U011,2023-01-09
A00751,Account-00751,Media,NA-West,Mid-Market,U012,2024-12-06
A00752,Account-00752,HealthTech,APAC,SMB,U009,2024-09-18
A00753,Account-00753,FinTech,EMEA,SMB,U005,2025-07-22
A00754,Account-00754,Logistics,APAC,Mid-Market,U011,2023-10-02
A00755,Account-00755,Gaming,EMEA,SMB,U004,2023-12-04
A00756,Account-00756,Education,NA-East,Enterprise,U004,2024-04-04
A00757,Account-00757,E-commerce,NA-West,Mid-Market,U012,2023-02-14
A00758,Account-00758,E-commerce,NA-East,Mid-Market,U006,2023-03-18
A00759,Account-00759,Manufacturing,LATAM,SMB,U010,2023-04-10
A00760,Account-00760,FinTech,NA-East,Mid-Market,U011,2023-02-10
A00761,Account-00761,HealthTech,APAC,SMB,U008,2025-02-17
A00762,Account-00762,Manufacturing,APAC,SMB,U012,2023-11-10
A00763,Account-00763,FinTech,EMEA,SMB,U007,2023-07-26
A00764,Account-00764,Manufacturing,LATAM,Mid-Market,U010,2023-10-08
A00765,Account-00765,HealthTech,LATAM,SMB,U012,2023-08-30
A00766,Account-00766,HealthTech,APAC,SMB,U004,2024-02-14
A00767,Account-00767,Media,EMEA,Mid-Market,U012,2025-04-19
A00768,Account-00768,FinTech,LATAM,SMB,U008,2024-03-01
A00769,Account-00769,Gaming,EMEA,Mid-Market,U004,2023-01-06
A00770,Account-00770,HealthTech,NA-East,SMB,U010,2025-10-08
A00771,Account-00771,HealthTech,LATAM,SMB,U002,2023-07-27
A00772,Account-00772,Media,APAC,Enterprise,U005,2024-06-24
A00773,Account-00773,HealthTech,NA-West,SMB,U001,2024-08-18
A00774,Account-00774,Logistics,APAC,SMB,U012,2023-08-26
A00775,Account-00775,FinTech,NA-East,SMB,U003,2023-12-16
A00776,Account-00776,Gaming,LATAM,SMB,U005,2023-07-10
A00777,Account-00777,Logistics,NA-West,SMB,U002,2025-03-31
A00778,Account-00778,Gaming,EMEA,SMB,U007,2025-09-06
A00779,Account-00779,E-commerce,NA-East,Mid-Market,U003,2023-05-01
A00780,Account-00780,E-commerce,NA-East,Enterprise,U007,2025-09-15
A00781,Account-00781,Gaming,NA-West,Mid-Market,U010,2025-02-16
A00782,Account-00782,FinTech,NA-West,Mid-Market,U008,2025-09-26
A00783,Account-00783,Education,APAC,SMB,U001,2023-05-10
A00784,Account-00784,Logistics,NA-East,SMB,U012,2025-12-10
A00785,Account-00785,Media,EMEA,Mid-Market,U009,2025-12-07
A00786,Account-00786,HealthTech,APAC,Mid-Market,U011,2024-05-24
A00787,Account-00787,Education,NA-West,SMB,U009,2023-04-22
A00788,Account-00788,E-commerce,LATAM,SMB,U008,2025-10-12
A00789,Account-00789,HealthTech,APAC,Enterprise,U006,2024-05-08
A00790,Account-00790,Manufacturing,NA-East,SMB,U009,2024-04-01
A00791,Account-00791,Education,APAC,Mid-Market,U004,2023-06-11
A00792,Account-00792,Gaming,NA-East,SMB,U008,2025-07-04
A00793,Account-00793,Gaming,NA-East,SMB,U002,2025-04-06
A00794,Account-00794,FinTech,NA-East,SMB,U010,2024-09-15
A00795,Account-00795,Media,APAC,Enterprise,U006,2025-01-14
A00796,Account-00796,Media,APAC,Mid-Market,U006,2025-08-26
A00797,Account-00797,Logistics,APAC,Mid-Market,U002,2023-07-19
A00798,Account-00798,Media,NA-East,Mid-Market,U006,2024-12-28
A00799,Account-00799,Manufacturing,LATAM,Mid-Market,U009,2025-02-04
A00800,Account-00800,FinTech,NA-West,Mid-Market,U008,2023-10-15
